date,confirmed,deaths,recovered,new_cases,new_deaths,new_recovered,7day_avg_cases,7day_avg_deaths,7day_avg_recovered
2020-01-22,0,0,0,,,,,,
2020-01-23,0,0,0,0.0,0.0,0.0,,,
2020-01-24,0,0,0,0.0,0.0,0.0,,,
2020-01-25,0,0,0,0.0,0.0,0.0,,,
2020-01-26,0,0,0,0.0,0.0,0.0,,,
2020-01-27,0,0,0,0.0,0.0,0.0,,,
2020-01-28,0,0,0,0.0,0.0,0.0,,,
2020-01-29,0,0,0,0.0,0.0,0.0,0.0,0.0,0.0
2020-01-30,0,0,0,0.0,0.0,0.0,0.0,0.0,0.0
2020-01-31,0,0,0,0.0,0.0,0.0,0.0,0.0,0.0
2020-02-01,0,0,0,0.0,0.0,0.0,0.0,0.0,0.0
2020-02-02,0,0,0,0.0,0.0,0.0,0.0,0.0,0.0
2020-02-03,0,0,0,0.0,0.0,0.0,0.0,0.0,0.0
2020-02-04,0,0,0,0.0,0.0,0.0,0.0,0.0,0.0
2020-02-05,0,0,0,0.0,0.0,0.0,0.0,0.0,0.0
2020-02-06,0,0,0,0.0,0.0,0.0,0.0,0.0,0.0
2020-02-07,0,0,0,0.0,0.0,0.0,0.0,0.0,0.0
2020-02-08,0,0,0,0.0,0.0,0.0,0.0,0.0,0.0
2020-02-09,0,0,0,0.0,0.0,0.0,0.0,0.0,0.0
2020-02-10,0,0,0,0.0,0.0,0.0,0.0,0.0,0.0
2020-02-11,0,0,0,0.0,0.0,0.0,0.0,0.0,0.0
2020-02-12,0,0,0,0.0,0.0,0.0,0.0,0.0,0.0
2020-02-13,0,0,0,0.0,0.0,0.0,0.0,0.0,0.0
2020-02-14,0,0,0,0.0,0.0,0.0,0.0,0.0,0.0
2020-02-15,0,0,0,0.0,0.0,0.0,0.0,0.0,0.0
2020-02-16,0,0,0,0.0,0.0,0.0,0.0,0.0,0.0
2020-02-17,0,0,0,0.0,0.0,0.0,0.0,0.0,0.0
2020-02-18,0,0,0,0.0,0.0,0.0,0.0,0.0,0.0
2020-02-19,0,0,0,0.0,0.0,0.0,0.0,0.0,0.0
2020-02-20,0,0,0,0.0,0.0,0.0,0.0,0.0,0.0
2020-02-21,0,0,0,0.0,0.0,0.0,0.0,0.0,0.0
2020-02-22,0,0,0,0.0,0.0,0.0,0.0,0.0,0.0
2020-02-23,0,0,0,0.0,0.0,0.0,0.0,0.0,0.0
2020-02-24,0,0,0,0.0,0.0,0.0,0.0,0.0,0.0
2020-02-25,1,0,0,1.0,0.0,0.0,0.14285714285714285,0.0,0.0
2020-02-26,1,0,0,0.0,0.0,0.0,0.14285714285714285,0.0,0.0
2020-02-27,8,0,0,7.0,0.0,0.0,1.1428571428571428,0.0,0.0
2020-02-28,8,0,0,0.0,0.0,0.0,1.1428571428571428,0.0,0.0
2020-02-29,18,0,0,10.0,0.0,0.0,2.5714285714285716,0.0,0.0
2020-03-01,27,0,0,9.0,0.0,0.0,3.857142857142857,0.0,0.0
2020-03-02,42,0,0,15.0,0.0,0.0,6.0,0.0,0.0
2020-03-03,56,0,2,14.0,0.0,2.0,7.857142857142857,0.0,0.2857142857142857
2020-03-04,90,0,3,34.0,0.0,1.0,12.714285714285714,0.0,0.42857142857142855
2020-03-05,114,0,3,24.0,0.0,0.0,15.142857142857142,0.0,0.42857142857142855
2020-03-06,214,1,3,100.0,1.0,0.0,29.428571428571427,0.14285714285714285,0.42857142857142855
2020-03-07,268,1,3,54.0,0.0,0.0,35.714285714285715,0.14285714285714285,0.42857142857142855
2020-03-08,337,2,3,69.0,1.0,0.0,44.285714285714285,0.2857142857142857,0.42857142857142855
2020-03-09,374,2,3,37.0,0.0,0.0,47.42857142857143,0.2857142857142857,0.42857142857142855
2020-03-10,491,5,3,117.0,3.0,0.0,62.142857142857146,0.7142857142857143,0.14285714285714285
2020-03-11,652,7,4,161.0,2.0,1.0,80.28571428571429,1.0,0.14285714285714285
2020-03-12,652,10,4,0.0,3.0,0.0,76.85714285714286,1.4285714285714286,0.14285714285714285
2020-03-13,1139,11,4,487.0,1.0,0.0,132.14285714285714,1.4285714285714286,0.14285714285714285
2020-03-14,1359,14,4,220.0,3.0,0.0,155.85714285714286,1.8571428571428572,0.14285714285714285
2020-03-15,2200,22,4,841.0,8.0,0.0,266.14285714285717,2.857142857142857,0.14285714285714285
2020-03-16,2200,33,4,0.0,11.0,0.0,260.85714285714283,4.428571428571429,0.14285714285714285
2020-03-17,2700,40,4,500.0,7.0,0.0,315.57142857142856,5.0,0.14285714285714285
2020-03-18,3028,48,15,328.0,8.0,11.0,339.42857142857144,5.857142857142857,1.5714285714285714
2020-03-19,4075,58,15,1047.0,10.0,0.0,489.0,6.857142857142857,1.5714285714285714
2020-03-20,5294,78,15,1219.0,20.0,0.0,593.5714285714286,9.571428571428571,1.5714285714285714
2020-03-21,6575,98,15,1281.0,20.0,0.0,745.1428571428571,12.0,1.5714285714285714
2020-03-22,7474,113,131,899.0,15.0,116.0,753.4285714285714,13.0,18.142857142857142
2020-03-23,8795,141,131,1321.0,28.0,0.0,942.1428571428571,15.428571428571429,18.142857142857142
2020-03-24,9877,161,131,1082.0,20.0,0.0,1025.2857142857142,17.285714285714285,18.142857142857142
2020-03-25,10897,196,131,1020.0,35.0,0.0,1124.142857142857,21.142857142857142,16.571428571428573
2020-03-26,11811,238,131,914.0,42.0,0.0,1105.142857142857,25.714285714285715,16.571428571428573
2020-03-27,12928,273,1530,1117.0,35.0,1399.0,1090.5714285714287,27.857142857142858,216.42857142857142
2020-03-28,14076,329,1530,1148.0,56.0,0.0,1071.5714285714287,33.0,216.42857142857142
2020-03-29,14829,376,1595,753.0,47.0,65.0,1050.7142857142858,37.57142857142857,209.14285714285714
2020-03-30,15922,434,1823,1093.0,58.0,228.0,1018.1428571428571,41.857142857142854,241.71428571428572
2020-03-31,16605,485,1823,683.0,51.0,0.0,961.1428571428571,46.285714285714285,241.71428571428572
2020-04-01,17768,546,2967,1163.0,61.0,1144.0,981.5714285714286,50.0,405.14285714285717
2020-04-02,18827,605,4013,1059.0,59.0,1046.0,1002.2857142857143,52.42857142857143,554.5714285714286
2020-04-03,19606,660,4846,779.0,55.0,833.0,954.0,55.285714285714285,473.7142857142857
2020-04-04,20505,719,6415,899.0,59.0,1569.0,918.4285714285714,55.714285714285715,697.8571428571429
2020-04-05,21100,771,6415,595.0,52.0,0.0,895.8571428571429,56.42857142857143,688.5714285714286
2020-04-06,21657,823,8056,557.0,52.0,1641.0,819.2857142857143,55.57142857142857,890.4285714285714
2020-04-07,22253,882,8704,596.0,59.0,648.0,806.8571428571429,56.714285714285715,983.0
2020-04-08,23280,946,9800,1027.0,64.0,1096.0,787.4285714285714,57.142857142857146,976.1428571428571
2020-04-09,24051,991,10600,771.0,45.0,800.0,746.2857142857143,55.142857142857146,941.0
2020-04-10,24551,1046,11100,500.0,55.0,500.0,706.4285714285714,55.142857142857146,893.4285714285714
2020-04-11,25107,1087,12100,556.0,41.0,1000.0,657.4285714285714,52.57142857142857,812.1428571428571
2020-04-12,25415,1141,12700,308.0,54.0,600.0,616.4285714285714,52.857142857142854,897.8571428571429
2020-04-13,25688,1173,13700,273.0,32.0,1000.0,575.8571428571429,50.0,806.2857142857143
2020-04-14,25936,1209,13700,248.0,36.0,0.0,526.1428571428571,46.714285714285715,713.7142857142857
2020-04-15,26336,1256,15400,400.0,47.0,1700.0,436.57142857142856,44.285714285714285,800.0
2020-04-16,26732,1298,15900,396.0,42.0,500.0,383.0,43.857142857142854,757.1428571428571
2020-04-17,27078,1330,16400,346.0,32.0,500.0,361.0,40.57142857142857,757.1428571428571
2020-04-18,27404,1366,17100,326.0,36.0,700.0,328.14285714285717,39.857142857142854,714.2857142857143
2020-04-19,27740,1391,17800,336.0,25.0,700.0,332.14285714285717,35.714285714285715,728.5714285714286
2020-04-20,27944,1432,18600,204.0,41.0,800.0,322.2857142857143,37.0,700.0
2020-04-21,28063,1469,19400,119.0,37.0,800.0,303.85714285714283,37.142857142857146,814.2857142857143
2020-04-22,28268,1497,19900,205.0,28.0,500.0,276.0,34.42857142857143,642.8571428571429
2020-04-23,28496,1531,20600,228.0,34.0,700.0,252.0,33.285714285714285,671.4285714285714
2020-04-24,28677,1554,21000,181.0,23.0,400.0,228.42857142857142,32.0,657.1428571428571
2020-04-25,28894,1581,21300,217.0,27.0,300.0,212.85714285714286,30.714285714285715,600.0
2020-04-26,29061,1594,21800,167.0,13.0,500.0,188.71428571428572,29.0,571.4285714285714
2020-04-27,29164,1614,22200,103.0,20.0,400.0,174.28571428571428,26.0,514.2857142857143
2020-04-28,29264,1637,22600,100.0,23.0,400.0,171.57142857142858,24.0,457.14285714285717
2020-04-29,29407,1649,22600,143.0,12.0,0.0,162.71428571428572,21.714285714285715,385.7142857142857
2020-04-30,29586,1665,23400,179.0,16.0,800.0,155.71428571428572,19.142857142857142,400.0
2020-05-01,29705,1679,23900,119.0,14.0,500.0,146.85714285714286,17.857142857142858,414.2857142857143
2020-05-02,29817,1688,24200,112.0,9.0,300.0,131.85714285714286,15.285714285714286,414.2857142857143
2020-05-03,29905,1695,24500,88.0,7.0,300.0,120.57142857142857,14.428571428571429,385.7142857142857
2020-05-04,29981,1702,25200,76.0,7.0,700.0,116.71428571428571,12.571428571428571,428.57142857142856
2020-05-05,30009,1714,25400,28.0,12.0,200.0,106.42857142857143,11.0,400.0
2020-05-06,30060,1719,25700,51.0,5.0,300.0,93.28571428571429,10.0,442.85714285714283
2020-05-07,30126,1730,25900,66.0,11.0,200.0,77.14285714285714,9.285714285714286,357.14285714285717
2020-05-08,30207,1738,26100,81.0,8.0,200.0,71.71428571428571,8.428571428571429,314.2857142857143
2020-05-09,30251,1745,26400,44.0,7.0,300.0,62.0,8.142857142857142,314.2857142857143
2020-05-10,30305,1754,26600,54.0,9.0,200.0,57.142857142857146,8.428571428571429,300.0
2020-05-11,30344,1757,26800,39.0,3.0,200.0,51.857142857142854,7.857142857142857,228.57142857142858
2020-05-12,30380,1758,26800,36.0,1.0,0.0,53.0,6.285714285714286,200.0
2020-05-13,30413,1761,27100,33.0,3.0,300.0,50.42857142857143,6.0,200.0
2020-05-14,30463,1763,27100,50.0,2.0,0.0,48.142857142857146,4.714285714285714,171.42857142857142
2020-05-15,30514,1767,27100,51.0,4.0,0.0,43.857142857142854,4.142857142857143,142.85714285714286
2020-05-16,30572,1768,27400,58.0,1.0,300.0,45.857142857142854,3.2857142857142856,142.85714285714286
2020-05-17,30587,1772,27500,15.0,4.0,100.0,40.285714285714285,2.5714285714285716,128.57142857142858
2020-05-18,30597,1778,27600,10.0,6.0,100.0,36.142857142857146,3.0,114.28571428571429
2020-05-19,30618,1781,27700,21.0,3.0,100.0,34.0,3.2857142857142856,128.57142857142858
2020-05-20,30658,1781,27800,40.0,0.0,100.0,35.0,2.857142857142857,100.0
2020-05-21,30694,1786,27900,36.0,5.0,100.0,33.0,3.2857142857142856,114.28571428571429
2020-05-22,30707,1788,27900,13.0,2.0,0.0,27.571428571428573,3.0,114.28571428571429
2020-05-23,30725,1789,28000,18.0,1.0,100.0,21.857142857142858,3.0,85.71428571428571
2020-05-24,30736,1790,28100,11.0,1.0,100.0,21.285714285714285,2.5714285714285716,85.71428571428571
2020-05-25,30746,1793,28200,10.0,3.0,100.0,21.285714285714285,2.142857142857143,85.71428571428571
2020-05-26,30761,1795,28200,15.0,2.0,0.0,20.428571428571427,2.0,71.42857142857143
2020-05-27,30776,1796,28300,15.0,1.0,100.0,16.857142857142858,2.142857142857143,71.42857142857143
2020-05-28,30796,1796,28300,20.0,0.0,0.0,14.571428571428571,1.4285714285714286,57.142857142857146
2020-05-29,30828,1796,28300,32.0,0.0,0.0,17.285714285714285,1.1428571428571428,57.142857142857146
2020-05-30,30845,1796,28400,17.0,0.0,100.0,17.142857142857142,1.0,57.142857142857146
2020-05-31,30862,1796,28500,17.0,0.0,100.0,18.0,0.8571428571428571,57.142857142857146
2020-06-01,30871,1796,28500,9.0,0.0,0.0,17.857142857142858,0.42857142857142855,42.857142857142854
2020-06-02,30874,1796,28500,3.0,0.0,0.0,16.142857142857142,0.14285714285714285,42.857142857142854
2020-06-03,30893,1796,28600,19.0,0.0,100.0,16.714285714285715,0.0,42.857142857142854
2020-06-04,30913,1796,28600,20.0,0.0,0.0,16.714285714285715,0.0,42.857142857142854
2020-06-05,30936,1796,28600,23.0,0.0,0.0,15.428571428571429,0.0,42.857142857142854
2020-06-06,30956,1796,28700,20.0,0.0,100.0,15.857142857142858,0.0,42.857142857142854
2020-06-07,30965,1798,28700,9.0,2.0,0.0,14.714285714285714,0.2857142857142857,28.571428571428573
2020-06-08,30972,1799,28700,7.0,1.0,0.0,14.428571428571429,0.42857142857142855,28.571428571428573
2020-06-09,30988,1799,28700,16.0,0.0,0.0,16.285714285714285,0.42857142857142855,28.571428571428573
2020-06-10,31011,1800,28700,23.0,1.0,0.0,16.857142857142858,0.5714285714285714,14.285714285714286
2020-06-11,31044,1800,28800,33.0,0.0,100.0,18.714285714285715,0.5714285714285714,28.571428571428573
2020-06-12,31063,1802,28800,19.0,2.0,0.0,18.142857142857142,0.8571428571428571,28.571428571428573
2020-06-13,31094,1802,28800,31.0,0.0,0.0,19.714285714285715,0.8571428571428571,14.285714285714286
2020-06-14,31117,1802,28800,23.0,0.0,0.0,21.714285714285715,0.5714285714285714,14.285714285714286
2020-06-15,31131,1802,28900,14.0,0.0,100.0,22.714285714285715,0.42857142857142855,28.571428571428573
2020-06-16,31154,1803,28900,23.0,1.0,0.0,23.714285714285715,0.5714285714285714,28.571428571428573
2020-06-17,31187,1805,28900,33.0,2.0,0.0,25.142857142857142,0.7142857142857143,28.571428571428573
2020-06-18,31200,1805,28900,13.0,0.0,0.0,22.285714285714285,0.7142857142857143,14.285714285714286
2020-06-19,31235,1805,28900,35.0,0.0,0.0,24.571428571428573,0.42857142857142855,14.285714285714286
2020-06-20,31243,1805,28900,8.0,0.0,0.0,21.285714285714285,0.42857142857142855,14.285714285714286
2020-06-21,31292,1806,29000,49.0,1.0,100.0,25.0,0.5714285714285714,28.571428571428573
2020-06-22,31310,1808,29000,18.0,2.0,0.0,25.571428571428573,0.8571428571428571,14.285714285714286
2020-06-23,31332,1808,29000,22.0,0.0,0.0,25.428571428571427,0.7142857142857143,14.285714285714286
2020-06-24,31376,1808,29000,44.0,0.0,0.0,27.0,0.42857142857142855,14.285714285714286
2020-06-25,31428,1808,29000,52.0,0.0,0.0,32.57142857142857,0.42857142857142855,14.285714285714286
2020-06-26,31486,1808,29000,58.0,0.0,0.0,35.857142857142854,0.42857142857142855,14.285714285714286
2020-06-27,31555,1808,29100,69.0,0.0,100.0,44.57142857142857,0.42857142857142855,28.571428571428573
2020-06-28,31617,1808,29100,62.0,0.0,0.0,46.42857142857143,0.2857142857142857,14.285714285714286
2020-06-29,31652,1809,29100,35.0,1.0,0.0,48.857142857142854,0.14285714285714285,14.285714285714286
2020-06-30,31714,1809,29200,62.0,0.0,100.0,54.57142857142857,0.14285714285714285,28.571428571428573
2020-07-01,31851,1810,29200,137.0,1.0,0.0,67.85714285714286,0.2857142857142857,28.571428571428573
2020-07-02,31967,1810,29200,116.0,0.0,0.0,77.0,0.2857142857142857,28.571428571428573
2020-07-03,32101,1810,29200,134.0,0.0,0.0,87.85714285714286,0.2857142857142857,28.571428571428573
2020-07-04,32198,1810,29200,97.0,0.0,0.0,91.85714285714286,0.2857142857142857,14.285714285714286
2020-07-05,32268,1810,29300,70.0,0.0,100.0,93.0,0.2857142857142857,28.571428571428573
2020-07-06,32315,1811,29300,47.0,1.0,0.0,94.71428571428571,0.2857142857142857,28.571428571428573
2020-07-07,32369,1811,29300,54.0,0.0,0.0,93.57142857142857,0.2857142857142857,14.285714285714286
2020-07-08,32498,1813,29400,129.0,2.0,100.0,92.42857142857143,0.42857142857142855,28.571428571428573
2020-07-09,32586,1813,29400,88.0,0.0,0.0,88.42857142857143,0.42857142857142855,28.571428571428573
2020-07-10,32690,1813,29400,104.0,0.0,0.0,84.14285714285714,0.42857142857142855,28.571428571428573
2020-07-11,32817,1813,29500,127.0,0.0,100.0,88.42857142857143,0.42857142857142855,42.857142857142854
2020-07-12,32883,1813,29600,66.0,0.0,100.0,87.85714285714286,0.42857142857142855,42.857142857142854
2020-07-13,32946,1813,29600,63.0,0.0,0.0,90.14285714285714,0.2857142857142857,42.857142857142854
2020-07-14,33016,1813,29800,70.0,0.0,200.0,92.42857142857143,0.2857142857142857,71.42857142857143
2020-07-15,33148,1814,29800,132.0,1.0,0.0,92.85714285714286,0.14285714285714285,57.142857142857146
2020-07-16,33290,1815,29900,142.0,1.0,100.0,100.57142857142857,0.2857142857142857,71.42857142857143
2020-07-17,33382,1815,29900,92.0,0.0,0.0,98.85714285714286,0.2857142857142857,71.42857142857143
2020-07-18,33492,1815,29900,110.0,0.0,0.0,96.42857142857143,0.2857142857142857,57.142857142857146
2020-07-19,33591,1815,30300,99.0,0.0,400.0,101.14285714285714,0.2857142857142857,100.0
2020-07-20,33634,1818,30300,43.0,3.0,0.0,98.28571428571429,0.7142857142857143,100.0
2020-07-21,33742,1819,30300,108.0,1.0,0.0,103.71428571428571,0.8571428571428571,71.42857142857143
2020-07-22,33883,1819,30500,141.0,0.0,200.0,105.0,0.7142857142857143,100.0
2020-07-23,34000,1821,30500,117.0,2.0,0.0,101.42857142857143,0.8571428571428571,85.71428571428571
2020-07-24,34154,1822,30500,154.0,1.0,0.0,110.28571428571429,1.0,85.71428571428571
2020-07-25,34302,1822,30500,148.0,0.0,0.0,115.71428571428571,1.0,85.71428571428571
2020-07-26,34412,1823,30700,110.0,1.0,200.0,117.28571428571429,1.1428571428571428,57.142857142857146
2020-07-27,34477,1824,30900,65.0,1.0,200.0,120.42857142857143,0.8571428571428571,85.71428571428571
2020-07-28,34609,1825,31000,132.0,1.0,100.0,123.85714285714286,0.8571428571428571,100.0
2020-07-29,34802,1825,31100,193.0,0.0,100.0,131.28571428571428,0.8571428571428571,85.71428571428571
2020-07-30,35022,1825,31100,220.0,0.0,0.0,146.0,0.5714285714285714,85.71428571428571
2020-07-31,35232,1827,31100,210.0,2.0,0.0,154.0,0.7142857142857143,85.71428571428571
2020-08-01,35412,1828,31300,180.0,1.0,200.0,158.57142857142858,0.8571428571428571,114.28571428571429
2020-08-02,35550,1828,31500,138.0,0.0,200.0,162.57142857142858,0.7142857142857143,114.28571428571429
2020-08-03,35616,1828,31500,66.0,0.0,0.0,162.71428571428572,0.5714285714285714,85.71428571428571
2020-08-04,35746,1829,31600,130.0,1.0,100.0,162.42857142857142,0.5714285714285714,85.71428571428571
2020-08-05,35927,1830,31600,181.0,1.0,0.0,160.71428571428572,0.7142857142857143,71.42857142857143
2020-08-06,36108,1831,31600,181.0,1.0,0.0,155.14285714285714,0.8571428571428571,71.42857142857143
2020-08-07,36269,1832,31600,161.0,1.0,0.0,148.14285714285714,0.7142857142857143,71.42857142857143
2020-08-08,36451,1833,31900,182.0,1.0,300.0,148.42857142857142,0.7142857142857143,85.71428571428571
2020-08-09,36603,1833,32300,152.0,0.0,400.0,150.42857142857142,0.7142857142857143,114.28571428571429
2020-08-10,36708,1834,32400,105.0,1.0,100.0,156.0,0.8571428571428571,128.57142857142858
2020-08-11,36895,1835,32400,187.0,1.0,0.0,164.14285714285714,0.8571428571428571,114.28571428571429
2020-08-12,37169,1835,32700,274.0,0.0,300.0,177.42857142857142,0.7142857142857143,157.14285714285714
2020-08-13,37403,1836,32700,234.0,1.0,0.0,185.0,0.7142857142857143,157.14285714285714
2020-08-14,37671,1836,32900,268.0,0.0,200.0,200.28571428571428,0.5714285714285714,185.71428571428572
2020-08-15,37924,1838,33200,253.0,2.0,300.0,210.42857142857142,0.7142857142857143,185.71428571428572
2020-08-16,38124,1838,33300,200.0,0.0,100.0,217.28571428571428,0.7142857142857143,142.85714285714286
2020-08-17,38252,1840,33300,128.0,2.0,0.0,220.57142857142858,0.8571428571428571,128.57142857142858
2020-08-18,38449,1840,33500,197.0,0.0,200.0,222.0,0.7142857142857143,157.14285714285714
2020-08-19,38760,1840,33500,311.0,0.0,0.0,227.28571428571428,0.7142857142857143,114.28571428571429
2020-08-20,39026,1840,33900,266.0,0.0,400.0,231.85714285714286,0.5714285714285714,171.42857142857142
2020-08-21,39332,1841,33900,306.0,1.0,0.0,237.28571428571428,0.7142857142857143,142.85714285714286
2020-08-22,39627,1842,34100,295.0,1.0,200.0,243.28571428571428,0.5714285714285714,128.57142857142858
2020-08-23,39903,1843,34400,276.0,1.0,300.0,254.14285714285714,0.7142857142857143,157.14285714285714
2020-08-24,40060,1844,34400,157.0,1.0,0.0,258.2857142857143,0.5714285714285714,157.14285714285714
2020-08-25,40262,1844,34400,202.0,0.0,0.0,259.0,0.5714285714285714,128.57142857142858
2020-08-26,40645,1844,34800,383.0,0.0,400.0,269.2857142857143,0.5714285714285714,185.71428571428572
2020-08-27,41006,1845,34800,361.0,1.0,0.0,282.85714285714283,0.7142857142857143,128.57142857142858
2020-08-28,41346,1845,34800,340.0,0.0,0.0,287.7142857142857,0.5714285714285714,128.57142857142858
2020-08-29,41722,1846,35200,376.0,1.0,400.0,299.2857142857143,0.5714285714285714,157.14285714285714
2020-08-30,42014,1847,35800,292.0,1.0,600.0,301.57142857142856,0.5714285714285714,200.0
2020-08-31,42177,1848,36100,163.0,1.0,300.0,302.42857142857144,0.5714285714285714,242.85714285714286
2020-09-01,42393,1848,36300,216.0,0.0,200.0,304.42857142857144,0.5714285714285714,271.42857142857144
2020-09-02,42763,1851,36500,370.0,3.0,200.0,302.57142857142856,1.0,242.85714285714286
2020-09-03,43127,1851,36500,364.0,0.0,0.0,303.0,0.8571428571428571,242.85714285714286
2020-09-04,43532,1852,36500,405.0,1.0,0.0,312.2857142857143,1.0,242.85714285714286
2020-09-05,43957,1853,37100,425.0,1.0,600.0,319.2857142857143,1.0,271.42857142857144
2020-09-06,44401,1857,37100,444.0,4.0,0.0,341.0,1.4285714285714286,185.71428571428572
2020-09-07,44592,1857,37700,191.0,0.0,600.0,345.0,1.2857142857142858,228.57142857142858
2020-09-08,44837,1859,37700,245.0,2.0,0.0,349.14285714285717,1.5714285714285714,200.0
2020-09-09,45306,1862,38100,469.0,3.0,400.0,363.2857142857143,1.5714285714285714,228.57142857142858
2020-09-10,45711,1862,38100,405.0,0.0,0.0,369.14285714285717,1.5714285714285714,228.57142857142858
2020-09-11,46239,1866,38100,528.0,4.0,0.0,386.7142857142857,2.0,228.57142857142858
2020-09-12,46704,1870,38500,465.0,4.0,400.0,392.42857142857144,2.4285714285714284,200.0
2020-09-13,47179,1870,38900,475.0,0.0,400.0,396.85714285714283,1.8571428571428572,257.14285714285717
2020-09-14,47436,1870,39600,257.0,0.0,700.0,406.2857142857143,1.8571428571428572,271.42857142857144
2020-09-15,47751,1871,39900,315.0,1.0,300.0,416.2857142857143,1.7142857142857142,314.2857142857143
2020-09-16,48265,1878,39900,514.0,7.0,0.0,422.7142857142857,2.2857142857142856,257.14285714285717
2020-09-17,48795,1883,39900,530.0,5.0,0.0,440.57142857142856,3.0,257.14285714285717
2020-09-18,49283,1886,40500,488.0,3.0,600.0,434.85714285714283,2.857142857142857,342.85714285714283
2020-09-19,49283,1890,40500,0.0,4.0,0.0,368.42857142857144,2.857142857142857,285.7142857142857
2020-09-20,49283,1890,40500,0.0,0.0,0.0,300.57142857142856,2.857142857142857,228.57142857142858
2020-09-21,50378,1893,40500,1095.0,3.0,0.0,420.2857142857143,3.2857142857142856,128.57142857142858
2020-09-22,50664,1894,42100,286.0,1.0,1600.0,416.14285714285717,3.2857142857142856,314.2857142857143
2020-09-23,51101,1897,42100,437.0,3.0,0.0,405.14285714285717,2.7142857142857144,314.2857142857143
2020-09-24,51492,1901,42600,391.0,4.0,500.0,385.2857142857143,2.5714285714285716,385.7142857142857
2020-09-25,51864,1902,42600,372.0,1.0,0.0,368.7142857142857,2.2857142857142856,300.0
2020-09-26,51864,1903,42600,0.0,1.0,0.0,368.7142857142857,1.8571428571428572,300.0
2020-09-27,51864,1904,42700,0.0,1.0,100.0,368.7142857142857,2.0,314.2857142857143
2020-09-28,52646,1908,42700,782.0,4.0,0.0,324.0,2.142857142857143,314.2857142857143
2020-09-29,52871,1908,42700,225.0,0.0,0.0,315.2857142857143,2.0,85.71428571428571
2020-09-30,53282,1908,42700,411.0,0.0,0.0,311.57142857142856,1.5714285714285714,85.71428571428571
2020-10-01,53832,1912,45300,550.0,4.0,2600.0,334.2857142857143,1.5714285714285714,385.7142857142857
2020-10-02,54384,1913,45800,552.0,1.0,500.0,360.0,1.5714285714285714,457.14285714285717
2020-10-03,54384,1913,45800,0.0,0.0,0.0,360.0,1.4285714285714286,457.14285714285717
2020-10-04,54384,1914,45800,0.0,1.0,0.0,360.0,1.4285714285714286,442.85714285714283
2020-10-05,55932,1916,45800,1548.0,2.0,0.0,469.42857142857144,1.1428571428571428,442.85714285714283
2020-10-06,56632,1918,47300,700.0,2.0,1500.0,537.2857142857143,1.4285714285714286,657.1428571428571
2020-10-07,57709,1919,47300,1077.0,1.0,0.0,632.4285714285714,1.5714285714285714,657.1428571428571
2020-10-08,58881,1923,48400,1172.0,4.0,1100.0,721.2857142857143,1.5714285714285714,442.85714285714283
2020-10-09,60368,1925,48400,1487.0,2.0,0.0,854.8571428571429,1.7142857142857142,371.42857142857144
2020-10-10,60368,1927,48400,0.0,2.0,0.0,854.8571428571429,2.0,371.42857142857144
2020-10-11,60368,1930,48400,0.0,3.0,0.0,854.8571428571429,2.2857142857142856,371.42857142857144
2020-10-12,64436,1936,49500,4068.0,6.0,1100.0,1214.857142857143,2.857142857142857,528.5714285714286
2020-10-13,65881,1944,49800,1445.0,8.0,300.0,1321.2857142857142,3.7142857142857144,357.14285714285717
2020-10-14,68704,1950,49800,2823.0,6.0,0.0,1570.7142857142858,4.428571428571429,357.14285714285717
2020-10-15,71317,1956,50500,2613.0,6.0,700.0,1776.5714285714287,4.714285714285714,300.0
2020-10-16,74422,1966,50500,3105.0,10.0,0.0,2007.7142857142858,5.857142857142857,300.0
2020-10-17,74422,1973,50600,0.0,7.0,100.0,2007.7142857142858,6.571428571428571,314.2857142857143
2020-10-18,74422,1981,50600,0.0,8.0,0.0,2007.7142857142858,7.285714285714286,314.2857142857143
2020-10-19,83159,1993,53400,8737.0,12.0,2800.0,2674.714285714286,8.142857142857142,557.1428571428571
2020-10-20,86167,2007,54600,3008.0,14.0,1200.0,2898.0,9.0,685.7142857142857
2020-10-21,91763,2023,54600,5596.0,16.0,0.0,3294.1428571428573,10.428571428571429,685.7142857142857
2020-10-22,97019,2044,55700,5256.0,21.0,1100.0,3671.714285714286,12.571428571428571,742.8571428571429
2020-10-23,103653,2066,55800,6634.0,22.0,100.0,4175.857142857143,14.285714285714286,757.1428571428571
2020-10-24,103653,2096,55800,0.0,30.0,0.0,4175.857142857143,17.571428571428573,742.8571428571429
2020-10-25,103653,2121,55800,0.0,25.0,0.0,4175.857142857143,20.0,742.8571428571429
2020-10-26,121093,2143,61700,17440.0,22.0,5900.0,5419.142857142857,21.428571428571427,1185.7142857142858
2020-10-27,127042,2179,62700,5949.0,36.0,1000.0,5839.285714285715,24.571428571428573,1157.142857142857
2020-10-28,135658,2220,65100,8616.0,41.0,2400.0,6270.714285714285,28.142857142857142,1500.0
2020-10-29,145044,2280,65100,9386.0,60.0,0.0,6860.714285714285,33.714285714285715,1342.857142857143
2020-10-30,154251,2324,65200,9207.0,44.0,100.0,7228.285714285715,36.857142857142854,1342.857142857143
2020-10-31,154251,2378,65200,0.0,54.0,0.0,7228.285714285715,40.285714285714285,1342.857142857143
2020-11-01,154251,2437,65200,0.0,59.0,0.0,7228.285714285715,45.142857142857146,1342.857142857143
2020-11-02,176177,2504,80400,21926.0,67.0,15200.0,7869.142857142857,51.57142857142857,2671.4285714285716
2020-11-03,182303,2582,83400,6126.0,78.0,3000.0,7894.428571428572,57.57142857142857,2957.1428571428573
2020-11-04,192376,2670,87100,10073.0,88.0,3700.0,8102.571428571428,64.28571428571429,3142.8571428571427
2020-11-05,202504,2755,87100,10128.0,85.0,0.0,8208.57142857143,67.85714285714286,3142.8571428571427
2020-11-06,211913,2839,87300,9409.0,84.0,200.0,8237.42857142857,73.57142857142857,3157.1428571428573
2020-11-07,211913,2908,87300,0.0,69.0,0.0,8237.42857142857,75.71428571428571,3157.1428571428573
2020-11-08,211913,2994,87300,0.0,86.0,0.0,8237.42857142857,79.57142857142857,3157.1428571428573
2020-11-09,229222,3100,87300,17309.0,106.0,0.0,7577.857142857143,85.14285714285714,985.7142857142857
2020-11-10,235202,3196,122600,5980.0,96.0,35300.0,7557.0,87.71428571428571,5600.0
2020-11-11,243472,3295,130000,8270.0,99.0,7400.0,7299.428571428572,89.28571428571429,6128.571428571428
2020-11-12,250396,3392,141000,6924.0,97.0,11000.0,6841.714285714285,91.0,7700.0
2020-11-13,257135,3482,141000,6739.0,90.0,0.0,6460.285714285715,91.85714285714286,7671.428571428572
2020-11-14,257135,3567,141000,0.0,85.0,0.0,6460.285714285715,94.14285714285714,7671.428571428572
2020-11-15,257135,3658,141000,0.0,91.0,0.0,6460.285714285715,94.85714285714286,7671.428571428572
2020-11-16,269974,3769,141000,12839.0,111.0,0.0,5821.714285714285,95.57142857142857,7671.428571428572
2020-11-17,274534,3870,169100,4560.0,101.0,28100.0,5618.857142857143,96.28571428571429,6642.857142857143
2020-11-18,280648,3967,169100,6114.0,97.0,0.0,5310.857142857143,96.0,5585.714285714285
2020-11-19,285655,4070,180700,5007.0,103.0,11600.0,5037.0,96.85714285714286,5671.428571428572
2020-11-20,290601,4158,180700,4946.0,88.0,0.0,4780.857142857143,96.57142857142857,5671.428571428572
2020-11-21,290601,4235,180700,0.0,77.0,0.0,4780.857142857143,95.42857142857143,5671.428571428572
2020-11-22,290601,4321,180700,0.0,86.0,0.0,4780.857142857143,94.71428571428571,5671.428571428572
2020-11-23,300352,4423,206700,9751.0,102.0,26000.0,4339.714285714285,93.42857142857143,9385.714285714286
2020-11-24,304593,4517,211500,4241.0,94.0,4800.0,4294.142857142857,92.42857142857143,6057.142857142857
2020-11-25,309469,4611,211500,4876.0,94.0,0.0,4117.285714285715,92.0,6057.142857142857
2020-11-26,313978,4704,218900,4509.0,93.0,7400.0,4046.1428571428573,90.57142857142857,5457.142857142857
2020-11-27,318290,4779,222100,4312.0,75.0,3200.0,3955.5714285714284,88.71428571428571,5914.285714285715
2020-11-28,318290,4857,222100,0.0,78.0,0.0,3955.5714285714284,88.85714285714286,5914.285714285715
2020-11-29,318290,4946,222100,0.0,89.0,0.0,3955.5714285714284,89.28571428571429,5914.285714285715
2020-11-30,327072,5053,250200,8782.0,107.0,28100.0,3817.1428571428573,90.0,6214.285714285715
2020-12-01,330874,5160,250200,3802.0,107.0,0.0,3754.4285714285716,91.85714285714286,5528.571428571428
2020-12-02,335660,5245,257600,4786.0,85.0,7400.0,3741.5714285714284,90.57142857142857,6585.714285714285
2020-12-03,340115,5341,257600,4455.0,96.0,0.0,3733.8571428571427,91.0,5528.571428571428
2020-12-04,344497,5418,260600,4382.0,77.0,3000.0,3743.8571428571427,91.28571428571429,5500.0
2020-12-05,344497,5494,260600,0.0,76.0,0.0,3743.8571428571427,91.0,5500.0
2020-12-06,344497,5584,260600,0.0,90.0,0.0,3743.8571428571427,91.14285714285714,5500.0
2020-12-07,354306,5683,279900,9809.0,99.0,19300.0,3890.5714285714284,90.0,4242.857142857143
2020-12-08,358568,5780,279900,4262.0,97.0,0.0,3956.285714285714,88.57142857142857,4242.857142857143
2020-12-09,363654,5882,283000,5086.0,102.0,3100.0,3999.1428571428573,91.0,3628.5714285714284
2020-12-10,368695,5970,288400,5041.0,88.0,5400.0,4082.8571428571427,89.85714285714286,4400.0
2020-12-11,373831,6058,291500,5136.0,88.0,3100.0,4190.571428571428,91.42857142857143,4414.285714285715
2020-12-12,373831,6137,291500,0.0,79.0,0.0,4190.571428571428,91.85714285714286,4414.285714285715
2020-12-13,373831,6235,291500,0.0,98.0,0.0,4190.571428571428,93.0,4414.285714285715
2020-12-14,384557,6345,308300,10726.0,110.0,16800.0,4321.571428571428,94.57142857142857,4057.1428571428573
2020-12-15,388828,6439,311500,4271.0,94.0,3200.0,4322.857142857143,94.14285714285714,4514.285714285715
2020-12-16,394453,6560,311500,5625.0,121.0,0.0,4399.857142857143,96.85714285714286,4071.4285714285716
2020-12-17,399511,6654,311500,5058.0,94.0,0.0,4402.285714285715,97.71428571428571,3300.0
2020-12-18,403989,6736,311500,4478.0,82.0,0.0,4308.285714285715,96.85714285714286,2857.1428571428573
2020-12-19,403989,6803,311500,0.0,67.0,0.0,4308.285714285715,95.14285714285714,2857.1428571428573
2020-12-20,403989,6912,311500,0.0,109.0,0.0,4308.285714285715,96.71428571428571,2857.1428571428573
2020-12-21,413991,7010,311500,10002.0,98.0,0.0,4204.857142857143,95.0,457.14285714285717
2020-12-22,418266,7110,311500,4275.0,100.0,0.0,4205.428571428572,95.85714285714286,0.0
2020-12-23,423299,7203,311500,5033.0,93.0,0.0,4120.857142857143,91.85714285714286,0.0
2020-12-24,428197,7287,311500,4898.0,84.0,0.0,4098.0,90.42857142857143,0.0
2020-12-25,428197,7352,311500,0.0,65.0,0.0,3458.285714285714,88.0,0.0
2020-12-26,428197,7432,311500,0.0,80.0,0.0,3458.285714285714,89.85714285714286,0.0
2020-12-27,428197,7536,317600,0.0,104.0,6100.0,3458.285714285714,89.14285714285714,871.4285714285714
2020-12-28,438284,7609,317600,10087.0,73.0,0.0,3470.4285714285716,85.57142857142857,871.4285714285714
2020-12-29,442481,7703,317600,4197.0,94.0,0.0,3459.285714285714,84.71428571428571,871.4285714285714
2020-12-30,447905,7796,317600,5424.0,93.0,0.0,3515.1428571428573,84.71428571428571,871.4285714285714
2020-12-31,452296,7873,317600,4391.0,77.0,0.0,3442.714285714286,83.71428571428571,871.4285714285714
2021-01-01,452296,7948,317600,0.0,75.0,0.0,3442.714285714286,85.14285714285714,871.4285714285714
2021-01-02,452296,8009,317600,0.0,61.0,0.0,3442.714285714286,82.42857142857143,871.4285714285714
2021-01-03,452296,8085,317600,0.0,76.0,0.0,3442.714285714286,78.42857142857143,0.0
2021-01-04,461961,8153,317600,9665.0,68.0,0.0,3382.4285714285716,77.71428571428571,0.0
2021-01-05,465981,8221,317600,4020.0,68.0,0.0,3357.1428571428573,74.0,0.0
2021-01-06,470789,8287,317600,4808.0,66.0,0.0,3269.1428571428573,70.14285714285714,0.0
2021-01-07,474764,8353,317600,3975.0,66.0,0.0,3209.714285714286,68.57142857142857,0.0
2021-01-08,477983,8395,317600,3219.0,42.0,0.0,3669.5714285714284,63.857142857142854,0.0
2021-01-09,477983,8459,317600,0.0,64.0,0.0,3669.5714285714284,64.28571428571429,0.0
2021-01-10,477983,8524,317600,0.0,65.0,0.0,3669.5714285714284,62.714285714285715,0.0
2021-01-11,484506,8587,317600,6523.0,63.0,0.0,3220.714285714286,62.0,0.0
2021-01-12,487357,8646,317600,2851.0,59.0,0.0,3053.714285714286,60.714285714285715,0.0
2021-01-13,490358,8709,317600,3001.0,63.0,0.0,2795.5714285714284,60.285714285714285,0.0
2021-01-14,492832,8758,317600,2474.0,49.0,0.0,2581.1428571428573,57.857142857142854,0.0
2021-01-15,495228,8831,317600,2396.0,73.0,0.0,2463.5714285714284,62.285714285714285,0.0
2021-01-16,495228,8871,317600,0.0,40.0,0.0,2463.5714285714284,58.857142857142854,0.0
2021-01-17,495228,8920,317600,0.0,49.0,0.0,2463.5714285714284,56.57142857142857,0.0
2021-01-18,499931,8972,317600,4703.0,52.0,0.0,2203.5714285714284,55.0,0.0
2021-01-19,502191,9038,317600,2260.0,66.0,0.0,2119.1428571428573,56.0,0.0
2021-01-20,504918,9078,317600,2727.0,40.0,0.0,2080.0,52.714285714285715,0.0
2021-01-21,507123,9128,317600,2205.0,50.0,0.0,2041.5714285714287,52.857142857142854,0.0
2021-01-22,509279,9177,317600,2156.0,49.0,0.0,2007.2857142857142,49.42857142857143,0.0
2021-01-23,509279,9224,317600,0.0,47.0,0.0,2007.2857142857142,50.42857142857143,0.0
2021-01-24,509279,9272,317600,0.0,48.0,0.0,2007.2857142857142,50.285714285714285,0.0
2021-01-25,513599,9309,317600,4320.0,37.0,0.0,1952.5714285714287,48.142857142857146,0.0
2021-01-26,515483,9355,317600,1884.0,46.0,0.0,1898.857142857143,45.285714285714285,0.0
2021-01-27,517705,9392,317600,2222.0,37.0,0.0,1826.7142857142858,44.857142857142854,0.0
2021-01-28,519404,9439,317600,1699.0,47.0,0.0,1754.4285714285713,44.42857142857143,0.0
2021-01-29,521320,9480,317600,1916.0,41.0,0.0,1720.142857142857,43.285714285714285,0.0
2021-01-30,521320,9487,317600,0.0,7.0,0.0,1720.142857142857,37.57142857142857,0.0
2021-01-31,521320,9523,317600,0.0,36.0,0.0,1720.142857142857,35.857142857142854,0.0
2021-02-01,525095,9558,317600,3775.0,35.0,0.0,1642.2857142857142,35.57142857142857,0.0
2021-02-02,526728,9584,317600,1633.0,26.0,0.0,1606.4285714285713,32.714285714285715,0.0
2021-02-03,528524,9605,317600,1796.0,21.0,0.0,1545.5714285714287,30.428571428571427,0.0
2021-02-04,530289,9635,317600,1765.0,30.0,0.0,1555.0,28.0,0.0
2021-02-05,531873,9658,317600,1584.0,23.0,0.0,1507.5714285714287,25.428571428571427,0.0
2021-02-06,531873,9688,317600,0.0,30.0,0.0,1507.5714285714287,28.714285714285715,0.0
2021-02-07,531873,9716,317600,0.0,28.0,0.0,1507.5714285714287,27.571428571428573,0.0
2021-02-08,535153,9629,317600,3280.0,-87.0,0.0,1436.857142857143,10.142857142857142,0.0
2021-02-09,536516,9760,317600,1363.0,131.0,0.0,1398.2857142857142,25.142857142857142,0.0
2021-02-10,538118,9785,317600,1602.0,25.0,0.0,1370.5714285714287,25.714285714285715,0.0
2021-02-11,539474,9799,317600,1356.0,14.0,0.0,1312.142857142857,23.428571428571427,0.0
2021-02-12,540727,9815,317600,1253.0,16.0,0.0,1264.857142857143,22.428571428571427,0.0
2021-02-13,540727,9835,317600,0.0,20.0,0.0,1264.857142857143,21.0,0.0
2021-02-14,540727,9853,317600,0.0,18.0,0.0,1264.857142857143,19.571428571428573,0.0
2021-02-15,543207,9872,317600,2480.0,19.0,0.0,1150.5714285714287,34.714285714285715,0.0
2021-02-16,544282,9881,317600,1075.0,9.0,0.0,1109.4285714285713,17.285714285714285,0.0
2021-02-17,545535,9903,317600,1253.0,22.0,0.0,1059.5714285714287,16.857142857142858,0.0
2021-02-18,546754,9913,317600,1219.0,10.0,0.0,1040.0,16.285714285714285,0.0
2021-02-19,547775,9925,317600,1021.0,12.0,0.0,1006.8571428571429,15.714285714285714,0.0
2021-02-20,547775,9935,317600,0.0,10.0,0.0,1006.8571428571429,14.285714285714286,0.0
2021-02-21,547775,9946,317600,0.0,11.0,0.0,1006.8571428571429,13.285714285714286,0.0
2021-02-22,550224,9958,317600,2449.0,12.0,0.0,1002.4285714285714,12.285714285714286,0.0
2021-02-23,551355,9969,317600,1131.0,11.0,0.0,1010.4285714285714,12.571428571428571,0.0
2021-02-24,552698,9980,317600,1343.0,11.0,0.0,1023.2857142857143,11.0,0.0
2021-02-25,553867,9994,317600,1169.0,14.0,0.0,1016.1428571428571,11.571428571428571,0.0
2021-02-26,554932,10002,317600,1065.0,8.0,0.0,1022.4285714285714,11.0,0.0
2021-02-27,554932,10009,317600,0.0,7.0,0.0,1022.4285714285714,10.571428571428571,0.0
2021-02-28,554932,10016,317600,0.0,7.0,0.0,1022.4285714285714,10.0,0.0
2021-03-01,557492,10027,317600,2560.0,11.0,0.0,1038.2857142857142,9.857142857142858,0.0
2021-03-02,558622,10035,317600,1130.0,8.0,0.0,1038.142857142857,9.428571428571429,0.0
2021-03-03,559845,10043,317600,1223.0,8.0,0.0,1021.0,9.0,0.0
2021-03-04,561068,10049,317600,1223.0,6.0,0.0,1028.7142857142858,7.857142857142857,0.0
2021-03-05,562290,10059,317600,1222.0,10.0,0.0,1051.142857142857,8.142857142857142,0.0
2021-03-06,562290,10067,317600,0.0,8.0,0.0,1051.142857142857,8.285714285714286,0.0
2021-03-07,562290,10074,317600,0.0,7.0,0.0,1051.142857142857,8.285714285714286,0.0
2021-03-08,565034,10083,317600,2744.0,9.0,0.0,1077.4285714285713,8.0,0.0
2021-03-09,566412,10093,317600,1378.0,10.0,0.0,1112.857142857143,8.285714285714286,0.0
2021-03-10,567903,10105,317600,1491.0,12.0,0.0,1151.142857142857,8.857142857142858,0.0
2021-03-11,569312,10113,317600,1409.0,8.0,0.0,1177.7142857142858,9.142857142857142,0.0
2021-03-12,570645,10120,317600,1333.0,7.0,0.0,1193.5714285714287,8.714285714285714,0.0
2021-03-13,570645,10132,317600,0.0,12.0,0.0,1193.5714285714287,9.285714285714286,0.0
2021-03-14,570645,10143,317600,0.0,11.0,0.0,1193.5714285714287,9.857142857142858,0.0
2021-03-15,573815,10152,317600,3170.0,9.0,0.0,1254.4285714285713,9.857142857142858,0.0
2021-03-16,575253,10164,317600,1438.0,12.0,0.0,1263.0,10.142857142857142,0.0
2021-03-17,577111,10175,317600,1858.0,11.0,0.0,1315.4285714285713,10.0,0.0
2021-03-18,578861,10181,317600,1750.0,6.0,0.0,1364.142857142857,9.714285714285714,0.0
2021-03-19,580609,10189,317600,1748.0,8.0,0.0,1423.4285714285713,9.857142857142858,0.0
2021-03-20,580609,10195,317600,0.0,6.0,0.0,1423.4285714285713,9.0,0.0
2021-03-21,580609,10202,317600,0.0,7.0,0.0,1423.4285714285713,8.428571428571429,0.0
2021-03-22,584252,10207,317600,3643.0,5.0,0.0,1491.0,7.857142857142857,0.0
2021-03-23,586096,10219,317600,1844.0,12.0,0.0,1549.0,7.857142857142857,0.0
2021-03-24,588118,10229,317600,2022.0,10.0,0.0,1572.4285714285713,7.714285714285714,0.0
2021-03-25,590164,10241,317600,2046.0,12.0,0.0,1614.7142857142858,8.571428571428571,0.0
2021-03-26,592217,10245,317600,2053.0,4.0,0.0,1658.2857142857142,8.0,0.0
2021-03-27,592217,10255,317600,0.0,10.0,0.0,1658.2857142857142,8.571428571428571,0.0
2021-03-28,592217,10264,317600,0.0,9.0,0.0,1658.2857142857142,8.857142857142858,0.0
2021-03-29,596790,10271,317600,4573.0,7.0,0.0,1791.142857142857,9.142857142857142,0.0
2021-03-30,598713,10285,317600,1923.0,14.0,0.0,1802.4285714285713,9.428571428571429,0.0
2021-03-31,601124,10297,317600,2411.0,12.0,0.0,1858.0,9.714285714285714,0.0
2021-04-01,603092,10308,317600,1968.0,11.0,0.0,1846.857142857143,9.571428571428571,0.0
2021-04-02,605342,10313,317600,2250.0,5.0,0.0,1875.0,9.714285714285714,0.0
2021-04-03,605342,10323,317600,0.0,10.0,0.0,1875.0,9.714285714285714,0.0
2021-04-04,605342,10331,317600,0.0,8.0,0.0,1875.0,9.571428571428571,0.0
2021-04-05,605342,10351,317600,0.0,20.0,0.0,1221.7142857142858,11.428571428571429,0.0
2021-04-06,610274,10365,317600,4932.0,14.0,0.0,1651.5714285714287,11.428571428571429,0.0
2021-04-07,612575,10378,317600,2301.0,13.0,0.0,1635.857142857143,11.571428571428571,0.0
2021-04-08,615024,10383,317600,2449.0,5.0,0.0,1704.5714285714287,10.714285714285714,0.0
2021-04-09,617543,10388,317600,2519.0,5.0,0.0,1743.0,10.714285714285714,0.0
2021-04-10,617543,10392,317600,0.0,4.0,0.0,1743.0,9.857142857142858,0.0
2021-04-11,617543,10401,317600,0.0,9.0,0.0,1743.0,10.0,0.0
2021-04-12,623126,10406,317600,5583.0,5.0,0.0,2540.5714285714284,7.857142857142857,0.0
2021-04-13,625367,10412,317600,2241.0,6.0,0.0,2156.1428571428573,6.714285714285714,0.0
2021-04-14,627968,10422,317600,2601.0,10.0,0.0,2199.0,6.285714285714286,0.0
2021-04-15,630194,10425,317600,2226.0,3.0,0.0,2167.1428571428573,6.0,0.0
2021-04-16,632399,10431,317600,2205.0,6.0,0.0,2122.285714285714,6.142857142857143,0.0
2021-04-17,632399,10441,317600,0.0,10.0,0.0,2122.285714285714,7.0,0.0
2021-04-18,632399,10446,317600,0.0,5.0,0.0,2122.285714285714,6.428571428571429,0.0
2021-04-19,637304,10458,317600,4905.0,12.0,0.0,2025.4285714285713,7.428571428571429,0.0
2021-04-20,639445,10465,317600,2141.0,7.0,0.0,2011.142857142857,7.571428571428571,0.0
2021-04-21,642131,10472,317600,2686.0,7.0,0.0,2023.2857142857142,7.142857142857143,0.0
2021-04-22,644396,10476,317600,2265.0,4.0,0.0,2028.857142857143,7.285714285714286,0.0
2021-04-23,646509,10490,317600,2113.0,14.0,0.0,2015.7142857142858,8.428571428571429,0.0
2021-04-24,646509,10495,317600,0.0,5.0,0.0,2015.7142857142858,7.714285714285714,0.0
2021-04-25,646509,10504,317600,0.0,9.0,0.0,2015.7142857142858,8.285714285714286,0.0
2021-04-26,651822,10513,317600,5313.0,9.0,0.0,2074.0,7.857142857142857,0.0
2021-04-27,653957,10529,317600,2135.0,16.0,0.0,2073.1428571428573,9.142857142857142,0.0
2021-04-28,656077,10537,317600,2120.0,8.0,0.0,1992.2857142857142,9.285714285714286,0.0
2021-04-29,658143,10544,317600,2066.0,7.0,0.0,1963.857142857143,9.714285714285714,0.0
2021-04-30,659974,10555,317600,1831.0,11.0,0.0,1923.5714285714287,9.285714285714286,0.0
2021-05-01,659974,10565,317600,0.0,10.0,0.0,1923.5714285714287,10.0,0.0
2021-05-02,659974,10571,317600,0.0,6.0,0.0,1923.5714285714287,9.571428571428571,0.0
2021-05-03,663952,10578,317600,3978.0,7.0,0.0,1732.857142857143,9.285714285714286,0.0
2021-05-04,665585,10582,317600,1633.0,4.0,0.0,1661.142857142857,7.571428571428571,0.0
2021-05-05,667380,10593,317600,1795.0,11.0,0.0,1614.7142857142858,8.0,0.0
2021-05-06,669067,10598,317600,1687.0,5.0,0.0,1560.5714285714287,7.714285714285714,0.0
2021-05-07,670613,10608,317600,1546.0,10.0,0.0,1519.857142857143,7.571428571428571,0.0
2021-05-08,670613,10612,317600,0.0,4.0,0.0,1519.857142857143,6.714285714285714,0.0
2021-05-09,670613,10618,317600,0.0,6.0,0.0,1519.857142857143,6.714285714285714,0.0
2021-05-10,674296,10621,317600,3683.0,3.0,0.0,1477.7142857142858,6.142857142857143,0.0
2021-05-11,675671,10625,317600,1375.0,4.0,0.0,1440.857142857143,6.142857142857143,0.0
2021-05-12,677210,10628,317600,1539.0,3.0,0.0,1404.2857142857142,5.0,0.0
2021-05-13,677210,10632,317600,0.0,4.0,0.0,1163.2857142857142,4.857142857142857,0.0
2021-05-14,679510,10637,317600,2300.0,5.0,0.0,1271.0,4.142857142857143,0.0
2021-05-15,679510,10639,317600,0.0,2.0,0.0,1271.0,3.857142857142857,0.0
2021-05-16,679510,10647,317600,0.0,8.0,0.0,1271.0,4.142857142857143,0.0
2021-05-17,682160,10650,317600,2650.0,3.0,0.0,1123.4285714285713,4.142857142857143,0.0
2021-05-18,683400,10654,317600,1240.0,4.0,0.0,1104.142857142857,4.142857142857143,0.0
2021-05-19,684954,10660,317600,1554.0,6.0,0.0,1106.2857142857142,4.571428571428571,0.0
2021-05-20,686152,10663,317600,1198.0,3.0,0.0,1277.4285714285713,4.428571428571429,0.0
2021-05-21,686152,10671,317600,0.0,8.0,0.0,948.8571428571429,4.857142857142857,0.0
2021-05-22,687353,10681,317600,1201.0,10.0,0.0,1120.4285714285713,6.0,0.0
2021-05-23,687353,10684,317600,0.0,3.0,0.0,1120.4285714285713,5.285714285714286,0.0
2021-05-24,687353,10688,317600,0.0,4.0,0.0,741.8571428571429,5.428571428571429,0.0
2021-05-25,690123,10692,317600,2770.0,4.0,0.0,960.4285714285714,5.428571428571429,0.0
2021-05-26,691119,10693,317600,996.0,1.0,0.0,880.7142857142857,4.714285714285714,0.0
2021-05-27,692111,10700,317600,992.0,7.0,0.0,851.2857142857143,5.285714285714286,0.0
2021-05-28,693023,10705,317600,912.0,5.0,0.0,981.5714285714286,4.857142857142857,0.0
2021-05-29,693023,10710,317600,0.0,5.0,0.0,810.0,4.142857142857143,0.0
2021-05-30,693023,10710,317600,0.0,0.0,0.0,810.0,3.7142857142857144,0.0
2021-05-31,694740,10712,317600,1717.0,2.0,0.0,1055.2857142857142,3.4285714285714284,0.0
2021-06-01,695496,10712,317600,756.0,0.0,0.0,767.5714285714286,2.857142857142857,0.0
2021-06-02,696213,10715,317600,717.0,3.0,0.0,727.7142857142857,3.142857142857143,0.0
2021-06-03,696801,10721,317600,588.0,6.0,0.0,670.0,3.0,0.0
2021-06-04,697292,10726,317600,491.0,5.0,0.0,609.8571428571429,3.0,0.0
2021-06-05,697292,10728,317600,0.0,2.0,0.0,609.8571428571429,2.5714285714285716,0.0
2021-06-06,697292,10732,317600,0.0,4.0,0.0,609.8571428571429,3.142857142857143,0.0
2021-06-07,698369,10734,317600,1077.0,2.0,0.0,518.4285714285714,3.142857142857143,0.0
2021-06-08,698798,10738,317600,429.0,4.0,0.0,471.7142857142857,3.7142857142857144,0.0
2021-06-09,698798,10741,317600,0.0,3.0,0.0,369.2857142857143,3.7142857142857144,0.0
2021-06-10,699697,10745,317600,899.0,4.0,0.0,413.7142857142857,3.4285714285714284,0.0
2021-06-11,700051,10747,317600,354.0,2.0,0.0,394.14285714285717,3.0,0.0
2021-06-12,700051,10748,317600,0.0,1.0,0.0,394.14285714285717,2.857142857142857,0.0
2021-06-13,700051,10749,317600,0.0,1.0,0.0,394.14285714285717,2.4285714285714284,0.0
2021-06-14,700735,10749,317600,684.0,0.0,0.0,338.0,2.142857142857143,0.0
2021-06-15,700978,10752,317600,243.0,3.0,0.0,311.42857142857144,2.0,0.0
2021-06-16,701260,10757,317600,282.0,5.0,0.0,351.7142857142857,2.2857142857142856,0.0
2021-06-17,701454,10759,317600,194.0,2.0,0.0,251.0,2.0,0.0
2021-06-18,701627,10761,317600,173.0,2.0,0.0,225.14285714285714,2.0,0.0
2021-06-19,701627,10762,317600,0.0,1.0,0.0,225.14285714285714,2.0,0.0
2021-06-20,701627,10764,317600,0.0,2.0,0.0,225.14285714285714,2.142857142857143,0.0
2021-06-21,701994,10764,317600,367.0,0.0,0.0,179.85714285714286,2.142857142857143,0.0
2021-06-22,702124,10765,317600,130.0,1.0,0.0,163.71428571428572,1.8571428571428572,0.0
2021-06-23,702278,10766,317600,154.0,1.0,0.0,145.42857142857142,1.2857142857142858,0.0
2021-06-24,702398,10769,317600,120.0,3.0,0.0,134.85714285714286,1.4285714285714286,0.0
2021-06-25,702507,10771,317600,109.0,2.0,0.0,125.71428571428571,1.4285714285714286,0.0
2021-06-26,702507,10771,317600,0.0,0.0,0.0,125.71428571428571,1.2857142857142858,0.0
2021-06-27,702507,10773,317600,0.0,2.0,0.0,125.71428571428571,1.2857142857142858,0.0
2021-06-28,702746,10773,317600,239.0,0.0,0.0,107.42857142857143,1.2857142857142858,0.0
2021-06-29,702875,10775,317600,129.0,2.0,0.0,107.28571428571429,1.4285714285714286,0.0
2021-06-30,703004,10773,317600,129.0,-2.0,0.0,103.71428571428571,1.0,0.0
2021-07-01,703176,10773,317600,172.0,0.0,0.0,111.14285714285714,0.5714285714285714,0.0
2021-07-02,703334,10773,317600,158.0,0.0,0.0,118.14285714285714,0.2857142857142857,0.0
2021-07-03,703334,10773,317600,0.0,0.0,0.0,118.14285714285714,0.2857142857142857,0.0
2021-07-04,703334,10774,317600,0.0,1.0,0.0,118.14285714285714,0.14285714285714285,0.0
2021-07-05,703783,10774,317600,449.0,0.0,0.0,148.14285714285714,0.14285714285714285,0.0
2021-07-06,704057,10774,317600,274.0,0.0,0.0,168.85714285714286,-0.14285714285714285,0.0
2021-07-07,704352,10774,317600,295.0,0.0,0.0,192.57142857142858,0.14285714285714285,0.0
2021-07-08,704620,10774,317600,268.0,0.0,0.0,206.28571428571428,0.14285714285714285,0.0
2021-07-09,704943,10774,317600,323.0,0.0,0.0,229.85714285714286,0.14285714285714285,0.0
2021-07-10,704943,10774,317600,0.0,0.0,0.0,229.85714285714286,0.14285714285714285,0.0
2021-07-11,704943,10776,317600,0.0,2.0,0.0,229.85714285714286,0.2857142857142857,0.0
2021-07-12,705765,10776,317600,822.0,0.0,0.0,283.14285714285717,0.2857142857142857,0.0
2021-07-13,706248,10777,317600,483.0,1.0,0.0,313.0,0.42857142857142855,0.0
2021-07-14,706775,10777,317600,527.0,0.0,0.0,346.14285714285717,0.42857142857142855,0.0
2021-07-15,707357,10777,317600,582.0,0.0,0.0,391.0,0.42857142857142855,0.0
2021-07-16,707357,10777,317600,0.0,0.0,0.0,344.85714285714283,0.42857142857142855,0.0
2021-07-17,707976,10778,317600,619.0,1.0,0.0,433.2857142857143,0.5714285714285714,0.0
2021-07-18,707976,10778,317600,0.0,0.0,0.0,433.2857142857143,0.2857142857142857,0.0
2021-07-19,709536,10778,317600,1560.0,0.0,0.0,538.7142857142857,0.2857142857142857,0.0
2021-07-20,710243,10778,317600,707.0,0.0,0.0,570.7142857142857,0.14285714285714285,0.0
2021-07-21,711016,10780,317600,773.0,2.0,0.0,605.8571428571429,0.42857142857142855,0.0
2021-07-22,711877,10780,317600,861.0,0.0,0.0,645.7142857142857,0.42857142857142855,0.0
2021-07-23,712668,10780,317600,791.0,0.0,0.0,758.7142857142857,0.42857142857142855,0.0
2021-07-24,712668,10781,317600,0.0,1.0,0.0,670.2857142857143,0.42857142857142855,0.0
2021-07-25,712668,10782,317600,0.0,1.0,0.0,670.2857142857143,0.5714285714285714,0.0
2021-07-26,714414,10784,317600,1746.0,2.0,0.0,696.8571428571429,0.8571428571428571,0.0
2021-07-27,715267,10787,317600,853.0,3.0,0.0,717.7142857142857,1.2857142857142858,0.0
2021-07-28,716038,10791,317600,771.0,4.0,0.0,717.4285714285714,1.5714285714285714,0.0
2021-07-29,716865,10793,317600,827.0,2.0,0.0,712.5714285714286,1.8571428571428572,0.0
2021-07-30,717665,10793,317600,800.0,0.0,0.0,713.8571428571429,1.8571428571428572,0.0
2021-07-31,717665,10793,317600,0.0,0.0,0.0,713.8571428571429,1.7142857142857142,0.0
2021-08-01,717665,10794,317600,0.0,1.0,0.0,713.8571428571429,1.7142857142857142,0.0
2021-08-02,719684,10794,317600,2019.0,0.0,0.0,752.8571428571429,1.4285714285714286,0.0
2021-08-03,720743,10796,317600,1059.0,2.0,0.0,782.2857142857143,1.2857142857142858,0.0
2021-08-04,721776,10796,317600,1033.0,0.0,0.0,819.7142857142857,0.7142857142857143,0.0
2021-08-05,722801,10796,0,1025.0,0.0,-317600.0,848.0,0.42857142857142855,-45371.42857142857
2021-08-06,723968,10797,0,1167.0,1.0,0.0,900.4285714285714,0.5714285714285714,-45371.42857142857
2021-08-07,723968,10797,0,0.0,0.0,0.0,900.4285714285714,0.5714285714285714,-45371.42857142857
2021-08-08,723968,10798,0,0.0,1.0,0.0,900.4285714285714,0.5714285714285714,-45371.42857142857
2021-08-09,727113,10800,0,3145.0,2.0,0.0,1061.2857142857142,0.8571428571428571,-45371.42857142857
2021-08-10,729024,10802,0,1911.0,2.0,0.0,1183.0,0.8571428571428571,-45371.42857142857
2021-08-11,731148,10805,0,2124.0,3.0,0.0,1338.857142857143,1.2857142857142858,-45371.42857142857
2021-08-12,733275,10807,0,2127.0,2.0,0.0,1496.2857142857142,1.5714285714285714,0.0
2021-08-13,735375,10808,0,2100.0,1.0,0.0,1629.5714285714287,1.5714285714285714,0.0
2021-08-14,735375,10810,0,0.0,2.0,0.0,1629.5714285714287,1.8571428571428572,0.0
2021-08-15,735375,10813,0,0.0,3.0,0.0,1629.5714285714287,2.142857142857143,0.0
2021-08-16,740954,10817,0,5579.0,4.0,0.0,1977.2857142857142,2.4285714285714284,0.0
2021-08-17,744106,10819,0,3152.0,2.0,0.0,2154.5714285714284,2.4285714285714284,0.0
2021-08-18,747396,10821,0,3290.0,2.0,0.0,2321.1428571428573,2.2857142857142856,0.0
2021-08-19,750186,10828,0,2790.0,7.0,0.0,2415.8571428571427,3.0,0.0
2021-08-20,752761,10834,0,2575.0,6.0,0.0,2483.714285714286,3.7142857142857144,0.0
2021-08-21,752761,10838,0,0.0,4.0,0.0,2483.714285714286,4.0,0.0
2021-08-22,752761,10841,0,0.0,3.0,0.0,2483.714285714286,4.0,0.0
2021-08-23,758984,10845,0,6223.0,4.0,0.0,2575.714285714286,4.0,0.0
2021-08-24,761978,10853,0,2994.0,8.0,0.0,2553.1428571428573,4.857142857142857,0.0
2021-08-25,765190,10857,0,3212.0,4.0,0.0,2542.0,5.142857142857143,0.0
2021-08-26,768001,10863,0,2811.0,6.0,0.0,2545.0,5.0,0.0
2021-08-27,770765,10870,0,2764.0,7.0,0.0,2572.0,5.142857142857143,0.0
2021-08-28,770765,10878,0,0.0,8.0,0.0,2572.0,5.714285714285714,0.0
2021-08-29,770765,10883,0,0.0,5.0,0.0,2572.0,6.0,0.0
2021-08-30,776962,10895,0,6197.0,12.0,0.0,2568.285714285714,7.142857142857143,0.0
2021-08-31,779666,10899,0,2704.0,4.0,0.0,2526.8571428571427,6.571428571428571,0.0
2021-09-01,782869,10907,0,3203.0,8.0,0.0,2525.5714285714284,7.142857142857143,0.0
2021-09-02,785696,10911,0,2827.0,4.0,0.0,2527.8571428571427,6.857142857142857,0.0
2021-09-03,785696,10918,0,0.0,7.0,0.0,2133.0,6.857142857142857,0.0
2021-09-04,785696,10920,0,0.0,2.0,0.0,2133.0,6.0,0.0
2021-09-05,785696,10927,0,0.0,7.0,0.0,2133.0,6.285714285714286,0.0
2021-09-06,785696,10930,0,0.0,3.0,0.0,1247.7142857142858,5.0,0.0
2021-09-07,798497,10927,0,12801.0,-3.0,0.0,2690.1428571428573,4.0,0.0
2021-09-08,802048,10940,0,3551.0,13.0,0.0,2739.8571428571427,4.714285714285714,0.0
2021-09-09,805164,10945,0,3116.0,5.0,0.0,2781.1428571428573,4.857142857142857,0.0
2021-09-10,808058,10952,0,2894.0,7.0,0.0,3194.5714285714284,4.857142857142857,0.0
2021-09-11,808058,10951,0,0.0,-1.0,0.0,3194.5714285714284,4.428571428571429,0.0
2021-09-12,808058,10952,0,0.0,1.0,0.0,3194.5714285714284,3.5714285714285716,0.0
2021-09-13,814118,10967,0,6060.0,15.0,0.0,4060.285714285714,5.285714285714286,0.0
2021-09-14,816110,10974,0,1992.0,7.0,0.0,2516.1428571428573,6.714285714285714,0.0
2021-09-15,818715,10980,0,2605.0,6.0,0.0,2381.0,5.714285714285714,0.0
2021-09-16,820982,10991,0,2267.0,11.0,0.0,2259.714285714286,6.571428571428571,0.0
2021-09-17,823078,10999,0,2096.0,8.0,0.0,2145.714285714286,6.714285714285714,0.0
2021-09-18,823078,10999,0,0.0,0.0,0.0,2145.714285714286,6.857142857142857,0.0
2021-09-19,823078,11000,0,0.0,1.0,0.0,2145.714285714286,6.857142857142857,0.0
2021-09-20,827111,11015,0,4033.0,15.0,0.0,1856.142857142857,6.857142857142857,0.0
2021-09-21,828347,11021,0,1236.0,6.0,0.0,1748.142857142857,6.714285714285714,0.0
2021-09-22,830251,11027,0,1904.0,6.0,0.0,1648.0,6.714285714285714,0.0
2021-09-23,831881,11034,0,1630.0,7.0,0.0,1557.0,6.142857142857143,0.0
2021-09-24,833385,11042,0,1504.0,8.0,0.0,1472.4285714285713,6.142857142857143,0.0
2021-09-25,833385,11043,0,0.0,1.0,0.0,1472.4285714285713,6.285714285714286,0.0
2021-09-26,833385,11043,0,0.0,0.0,0.0,1472.4285714285713,6.142857142857143,0.0
2021-09-27,836483,11060,0,3098.0,17.0,0.0,1338.857142857143,6.428571428571429,0.0
2021-09-28,837769,11073,0,1286.0,13.0,0.0,1346.0,7.428571428571429,0.0
2021-09-29,839219,11079,0,1450.0,6.0,0.0,1281.142857142857,7.428571428571429,0.0
2021-09-30,840363,11087,0,1144.0,8.0,0.0,1211.7142857142858,7.571428571428571,0.0
2021-10-01,841573,11093,0,1210.0,6.0,0.0,1169.7142857142858,7.285714285714286,0.0
2021-10-02,841573,11093,0,0.0,0.0,0.0,1169.7142857142858,7.142857142857143,0.0
2021-10-03,841573,11093,0,0.0,0.0,0.0,1169.7142857142858,7.142857142857143,0.0
2021-10-04,844209,11103,0,2636.0,10.0,0.0,1103.7142857142858,6.142857142857143,0.0
2021-10-05,845234,11107,0,1025.0,4.0,0.0,1066.4285714285713,4.857142857142857,0.0
2021-10-06,846327,11125,0,1093.0,18.0,0.0,1015.4285714285714,6.571428571428571,0.0
2021-10-07,847452,11118,0,1125.0,-7.0,0.0,1012.7142857142857,4.428571428571429,0.0
2021-10-08,848418,11120,0,966.0,2.0,0.0,977.8571428571429,3.857142857142857,0.0
2021-10-09,848418,11120,0,0.0,0.0,0.0,977.8571428571429,3.857142857142857,0.0
2021-10-10,848418,11120,0,0.0,0.0,0.0,977.8571428571429,3.857142857142857,0.0
2021-10-11,850684,11133,0,2266.0,13.0,0.0,925.0,4.285714285714286,0.0
2021-10-12,851610,11140,0,926.0,7.0,0.0,910.8571428571429,4.714285714285714,0.0
2021-10-13,852658,11146,0,1048.0,6.0,0.0,904.4285714285714,3.0,0.0
2021-10-14,853637,11152,0,979.0,6.0,0.0,883.5714285714286,4.857142857142857,0.0
2021-10-15,854591,11158,0,954.0,6.0,0.0,881.8571428571429,5.428571428571429,0.0
2021-10-16,854591,11157,0,0.0,-1.0,0.0,881.8571428571429,5.285714285714286,0.0
2021-10-17,854591,11156,0,0.0,-1.0,0.0,881.8571428571429,5.142857142857143,0.0
2021-10-18,856957,11162,0,2366.0,6.0,0.0,896.1428571428571,4.142857142857143,0.0
2021-10-19,858198,11168,0,1241.0,6.0,0.0,941.1428571428571,4.0,0.0
2021-10-20,859646,11173,0,1448.0,5.0,0.0,998.2857142857143,3.857142857142857,0.0
2021-10-21,861123,11178,0,1477.0,5.0,0.0,1069.4285714285713,3.7142857142857144,0.0
2021-10-22,862411,11182,0,1288.0,4.0,0.0,1117.142857142857,3.4285714285714284,0.0
2021-10-23,862411,11181,0,0.0,-1.0,0.0,1117.142857142857,3.4285714285714284,0.0
2021-10-24,862411,11182,0,0.0,1.0,0.0,1117.142857142857,3.7142857142857144,0.0
2021-10-25,865708,11193,0,3297.0,11.0,0.0,1250.142857142857,4.428571428571429,0.0
2021-10-26,865708,11204,0,0.0,11.0,0.0,1072.857142857143,5.142857142857143,0.0
2021-10-27,869044,11207,0,3336.0,3.0,0.0,1342.5714285714287,4.857142857142857,0.0
2021-10-28,870837,11219,0,1793.0,12.0,0.0,1387.7142857142858,5.857142857142857,0.0
2021-10-29,872558,11233,0,1721.0,14.0,0.0,1449.5714285714287,7.285714285714286,0.0
2021-10-30,872558,11233,0,0.0,0.0,0.0,1449.5714285714287,7.428571428571429,0.0
2021-10-31,872558,11234,0,0.0,1.0,0.0,1449.5714285714287,7.428571428571429,0.0
2021-11-01,877098,11242,0,4540.0,8.0,0.0,1627.142857142857,7.0,0.0
2021-11-02,879051,11259,0,1953.0,17.0,0.0,1906.142857142857,7.857142857142857,0.0
2021-11-03,881660,11261,0,2609.0,2.0,0.0,1802.2857142857142,7.714285714285714,0.0
2021-11-04,884597,11265,0,2937.0,4.0,0.0,1965.7142857142858,6.571428571428571,0.0
2021-11-05,887446,11273,0,2849.0,8.0,0.0,2126.8571428571427,5.714285714285714,0.0
2021-11-06,887446,11274,0,0.0,1.0,0.0,2126.8571428571427,5.857142857142857,0.0
2021-11-07,887446,11274,0,0.0,0.0,0.0,2126.8571428571427,5.714285714285714,0.0
2021-11-08,894093,11282,0,6647.0,8.0,0.0,2427.8571428571427,5.714285714285714,0.0
2021-11-09,897078,11295,0,2985.0,13.0,0.0,2575.285714285714,5.142857142857143,0.0
2021-11-10,901228,11306,0,4150.0,11.0,0.0,2795.4285714285716,6.428571428571429,0.0
2021-11-11,905112,11309,0,3884.0,3.0,0.0,2930.714285714286,6.285714285714286,0.0
2021-11-12,909038,11325,0,3926.0,16.0,0.0,3084.5714285714284,7.428571428571429,0.0
2021-11-13,909038,11325,0,0.0,0.0,0.0,3084.5714285714284,7.285714285714286,0.0
2021-11-14,909038,11326,0,0.0,1.0,0.0,3084.5714285714284,7.428571428571429,0.0
2021-11-15,918750,11347,0,9712.0,21.0,0.0,3522.4285714285716,9.285714285714286,0.0
2021-11-16,923047,11353,0,4297.0,6.0,0.0,3709.8571428571427,8.285714285714286,0.0
2021-11-17,929031,11356,0,5984.0,3.0,0.0,3971.8571428571427,7.142857142857143,0.0
2021-11-18,935047,11364,0,6016.0,8.0,0.0,4276.428571428572,7.857142857142857,0.0
2021-11-19,941218,11377,0,6171.0,13.0,0.0,4597.142857142857,7.428571428571429,0.0
2021-11-20,941218,11382,0,0.0,5.0,0.0,4597.142857142857,8.142857142857142,0.0
2021-11-21,941218,11382,0,0.0,0.0,0.0,4597.142857142857,8.0,0.0
2021-11-22,955810,11407,0,14592.0,25.0,0.0,5294.285714285715,8.571428571428571,0.0
2021-11-23,962165,11416,0,6355.0,9.0,0.0,5588.285714285715,9.0,0.0
2021-11-24,970753,11435,0,8588.0,19.0,0.0,5960.285714285715,11.285714285714286,0.0
2021-11-25,978801,11455,0,8048.0,20.0,0.0,6250.571428571428,13.0,0.0
2021-11-26,986834,11470,0,8033.0,15.0,0.0,6516.571428571428,13.285714285714286,0.0
2021-11-27,986834,11470,0,0.0,0.0,0.0,6516.571428571428,12.571428571428571,0.0
2021-11-28,986834,11471,0,0.0,1.0,0.0,6516.571428571428,12.714285714285714,0.0
2021-11-29,1006239,11500,0,19405.0,29.0,0.0,7204.142857142857,13.285714285714286,0.0
2021-11-30,1014662,11522,0,8423.0,22.0,0.0,7499.571428571428,15.142857142857142,0.0
2021-12-01,1025129,11548,0,10467.0,26.0,0.0,7768.0,16.142857142857142,0.0
2021-12-02,1034675,11566,0,9546.0,18.0,0.0,7982.0,15.857142857142858,0.0
2021-12-03,1044633,11591,0,9958.0,25.0,0.0,8257.0,17.285714285714285,0.0
2021-12-04,1044633,11589,0,0.0,-2.0,0.0,8257.0,17.0,0.0
2021-12-05,1044633,11591,0,0.0,2.0,0.0,8257.0,17.142857142857142,0.0
2021-12-06,1068528,11625,0,23895.0,34.0,0.0,8898.42857142857,17.857142857142858,0.0
2021-12-07,1078503,11661,0,9975.0,36.0,0.0,9120.142857142857,19.857142857142858,0.0
2021-12-08,1090928,11684,0,12425.0,23.0,0.0,9399.857142857143,19.428571428571427,0.0
2021-12-09,1101789,11716,0,10861.0,32.0,0.0,9587.714285714286,21.428571428571427,0.0
2021-12-10,1111923,11746,0,10134.0,30.0,0.0,9612.857142857143,22.142857142857142,0.0
2021-12-11,1111923,11748,0,0.0,2.0,0.0,9612.857142857143,22.714285714285715,0.0
2021-12-12,1111923,11749,0,0.0,1.0,0.0,9612.857142857143,22.571428571428573,0.0
2021-12-13,1135363,11793,0,23440.0,44.0,0.0,9547.857142857143,24.0,0.0
2021-12-14,1143534,11824,0,8171.0,31.0,0.0,9290.142857142857,23.285714285714285,0.0
2021-12-15,1154701,11854,0,11167.0,30.0,0.0,9110.42857142857,24.285714285714285,0.0
2021-12-16,1165778,11879,0,11077.0,25.0,0.0,9141.285714285714,23.285714285714285,0.0
2021-12-17,1175721,11910,0,9943.0,31.0,0.0,9114.0,23.428571428571427,0.0
2021-12-18,1175721,11909,0,0.0,-1.0,0.0,9114.0,23.0,0.0
2021-12-19,1175721,11913,0,0.0,4.0,0.0,9114.0,23.428571428571427,0.0
2021-12-20,1196208,11953,0,20487.0,40.0,0.0,8692.142857142857,22.857142857142858,0.0
2021-12-21,1204379,11981,0,8171.0,28.0,0.0,8692.142857142857,22.428571428571427,0.0
2021-12-22,1215944,12002,0,11565.0,21.0,0.0,8749.0,21.142857142857142,0.0
